,topic
0,FAMILY
1,ADDICTION
2,FAMILY
3,BEHAVIOR
4,STRESS
5,RELATIONSHIPS
6,BEHAVIOR
7,SLEEP
8,WORKPLACE
9,RELATIONSHIPS
10,RELATIONSHIPS
11,STRESS
12,SEXUALITY
13,STRESS
14,RELATIONSHIPS
15,FAMILY
16,RELATIONSHIPS
17,DOMESTIC_VIOLENCE
18,DEPRESSION
19,RELATIONSHIPS
20,SEXUALITY
21,BEHAVIOR
22,STRESS
23,COUNSELING
24,DOMESTIC_VIOLENCE
25,DOMESTIC_VIOLENCE
26,DEPRESSION
27,RELATIONSHIPS
28,GRIEF
29,FAMILY
30,RELATIONSHIPS
31,GRIEF
32,TRAUMA
33,RELATIONSHIPS
34,SEXUALITY
35,RELATIONSHIPS
36,BEHAVIOR
37,SEXUALITY
38,RELATIONSHIPS
39,DEPRESSION
40,STRESS
41,FAMILY
42,SEXUALITY
43,SEXUALITY
44,RELATIONSHIPS
45,LGBTQ
46,DEPRESSION
47,FAMILY
48,DOMESTIC_VIOLENCE
49,ADDICTION
50,FAMILY
51,DEPRESSION
52,WORKPLACE
53,STRESS
54,WORKPLACE
55,DEPRESSION
56,RELATIONSHIPS
57,DOMESTIC_VIOLENCE
58,RELATIONSHIPS
59,SELF_ESTEEM
60,SELF_ESTEEM
61,FAMILY
62,SEXUALITY
63,RELATIONSHIPS
64,SEXUALITY
65,RELATIONSHIPS
66,DEPRESSION
67,RELATIONSHIPS
68,RELATIONSHIPS
69,SEXUALITY
70,GRIEF
71,SELF_ESTEEM
72,SELF_ESTEEM
73,RELATIONSHIPS
74,DEPRESSION
75,RELATIONSHIPS
76,RELATIONSHIPS
77,RELATIONSHIPS
78,RELATIONSHIPS
80,STRESS
81,SELF_ESTEEM
82,RELATIONSHIPS
83,RELATIONSHIPS
84,SELF_ESTEEM
85,RELATIONSHIPS
86,RELATIONSHIPS
87,FAMILY
88,STRESS
89,RELATIONSHIPS
90,RELATIONSHIPS
91,SEXUALITY
92,RELATIONSHIPS
93,RELATIONSHIPS
94,STRESS
95,ADDICTION
96,ADDICTION
97,RELATIONSHIPS
98,RELATIONSHIPS
99,WORKPLACE
100,RELATIONSHIPS
101,RELATIONSHIPS
102,RELATIONSHIPS
103,FAMILY
104,RELATIONSHIPS
105,SEXUALITY
106,SEXUALITY
107,RELATIONSHIPS
108,RELATIONSHIPS
109,RELATIONSHIPS
110,RELATIONSHIPS
111,RELATIONSHIPS
112,DEPRESSION
113,GRIEF
114,SELF_ESTEEM
115,RELATIONSHIPS
116,RELATIONSHIPS
117,SELF_ESTEEM
118,RELATIONSHIPS
119,SLEEP
120,RELATIONSHIPS
121,SELF_ESTEEM
122,STRESS
123,DEPRESSION
124,WORKPLACE
125,FAMILY
126,DEPRESSION
127,DEPRESSION
128,STRESS
129,SLEEP
130,RELATIONSHIPS
131,SELF_ESTEEM
132,SLEEP
133,SELF_ESTEEM
134,STRESS
135,STRESS
136,DOMESTIC_VIOLENCE
137,ADDICTION
138,SLEEP
139,EATING_DISORDERS
140,RELATIONSHIPS
141,RELATIONSHIPS
142,RELATIONSHIPS
143,RELATIONSHIPS
144,RELATIONSHIPS
145,WORKPLACE
146,SELF_ESTEEM
147,RELATIONSHIPS
148,WORKPLACE
149,SELF_ESTEEM
150,RELATIONSHIPS
151,DEPRESSION
152,DEPRESSION
153,WORKPLACE
154,RELATIONSHIPS
155,FAMILY
156,BEHAVIOR
157,BEHAVIOR
158,RELATIONSHIPS
159,LGBTQ
160,RELATIONSHIPS
161,COUNSELING
162,LGBTQ
163,LGBTQ
164,LGBTQ
165,LGBTQ
166,LGBTQ
167,LGBTQ
168,DEPRESSION
169,DEPRESSION
170,BEHAVIOR
171,STRESS
172,BEHAVIOR
173,DEPRESSION
174,ADDICTION
176,DEPRESSION
177,DEPRESSION
178,STRESS
179,DEPRESSION
180,STRESS
181,FAMILY
182,STRESS
183,TRAUMA
184,DEPRESSION
185,ADDICTION
186,STRESS
187,FAMILY
188,STRESS
189,TRAUMA
190,TRAUMA
191,RELATIONSHIPS
192,FAMILY
193,RELATIONSHIPS
194,RELATIONSHIPS
195,RELATIONSHIPS
196,FAMILY
197,RELATIONSHIPS
198,SELF_ESTEEM
199,SEXUALITY
200,RELATIONSHIPS
201,RELATIONSHIPS
202,RELATIONSHIPS
203,BEHAVIOR
204,FAMILY
205,RELATIONSHIPS
206,RELATIONSHIPS
208,RELATIONSHIPS
209,SEXUALITY
210,STRESS
211,SEXUALITY
212,STRESS
213,DEPRESSION
214,RELATIONSHIPS
215,DEPRESSION
216,SEXUALITY
217,EATING_DISORDERS
218,RELATIONSHIPS
219,COUNSELING
220,WORKPLACE
221,WORKPLACE
222,WORKPLACE
223,GRIEF
224,SEXUALITY
225,SELF_ESTEEM
226,WORKPLACE
227,RELATIONSHIPS
228,WORKPLACE
229,DEPRESSION
230,RELATIONSHIPS
231,BEHAVIOR
232,DEPRESSION
233,FAMILY
234,RELATIONSHIPS
235,RELATIONSHIPS
236,ADDICTION
237,RELATIONSHIPS
238,SPIRITUALITY
239,RELATIONSHIPS
240,ADDICTION
241,RELATIONSHIPS
242,RELATIONSHIPS
243,RELATIONSHIPS
244,ADDICTION
245,SELF_ESTEEM
246,SELF_ESTEEM
247,SEXUALITY
248,FAMILY
249,RELATIONSHIPS
250,SELF_ESTEEM
251,DEPRESSION
252,RELATIONSHIPS
253,SEXUALITY
254,RELATIONSHIPS
255,SLEEP
256,DEPRESSION
257,FAMILY
258,RELATIONSHIPS
259,GRIEF
260,DEPRESSION
261,DEPRESSION
262,BEHAVIOR
263,RELATIONSHIPS
264,RELATIONSHIPS
266,STRESS
267,DEPRESSION
268,RELATIONSHIPS
269,DEPRESSION
270,RELATIONSHIPS
271,SPIRITUALITY
272,STRESS
273,STRESS
274,DEPRESSION
275,DEPRESSION
276,SELF_ESTEEM
277,BEHAVIOR
278,STRESS
279,SEXUALITY
280,DEPRESSION
281,FAMILY
282,RELATIONSHIPS
283,RELATIONSHIPS
284,BEHAVIOR
285,STRESS
286,FAMILY
287,STRESS
288,DEPRESSION
289,STRESS
290,SELF_ESTEEM
291,FAMILY
292,STRESS
293,SELF_ESTEEM
294,SELF_ESTEEM
295,DEPRESSION
296,BEHAVIOR
297,RELATIONSHIPS
298,COUNSELING
299,TRAUMA
300,RELATIONSHIPS
301,DEPRESSION
302,RELATIONSHIPS
303,RELATIONSHIPS
304,STRESS
305,SELF_ESTEEM
306,STRESS
307,BEHAVIOR
308,FAMILY
309,FAMILY
310,RELATIONSHIPS
311,FAMILY
312,SEXUALITY
313,SEXUALITY
314,RELATIONSHIPS
315,RELATIONSHIPS
316,BEHAVIOR
317,RELATIONSHIPS
318,ADDICTION
319,RELATIONSHIPS
320,BEHAVIOR
321,FAMILY
322,SEXUALITY
323,RELATIONSHIPS
324,RELATIONSHIPS
325,SEXUALITY
326,SEXUALITY
327,BEHAVIOR
328,RELATIONSHIPS
329,BEHAVIOR
330,SEXUALITY
331,SEXUALITY
333,RELATIONSHIPS
334,RELATIONSHIPS
336,STRESS
337,SELF_ESTEEM
339,WORKPLACE
340,DOMESTIC_VIOLENCE
341,FAMILY
342,DOMESTIC_VIOLENCE
343,RELATIONSHIPS
344,FAMILY
345,RELATIONSHIPS
346,STRESS
347,DOMESTIC_VIOLENCE
348,RELATIONSHIPS
349,FAMILY
350,DOMESTIC_VIOLENCE
351,SEXUALITY
352,STRESS
353,SEXUALITY
354,STRESS
355,SEXUALITY
356,STRESS
357,TRAUMA
358,SELF_ESTEEM
359,SEXUALITY
360,BEHAVIOR
361,TRAUMA
362,TRAUMA
363,SEXUALITY
364,FAMILY
365,RELATIONSHIPS
366,BEHAVIOR
367,TRAUMA
368,SEXUALITY
369,FAMILY
370,BEHAVIOR
371,FAMILY
372,RELATIONSHIPS
373,TRAUMA
374,DEPRESSION
375,SEXUALITY
376,SEXUALITY
377,BEHAVIOR
378,BEHAVIOR
379,SEXUALITY
380,BEHAVIOR
381,STRESS
382,DOMESTIC_VIOLENCE
383,DEPRESSION
384,SEXUALITY
385,DEPRESSION
386,DEPRESSION
387,STRESS
388,DEPRESSION
389,RELATIONSHIPS
390,WORKPLACE
391,WORKPLACE
392,FAMILY
393,SEXUALITY
394,LGBTQ
395,DEPRESSION
396,FAMILY
397,SEXUALITY
398,SEXUALITY
399,SEXUALITY
400,DEPRESSION
401,WORKPLACE
402,SEXUALITY
403,SEXUALITY
404,SEXUALITY
405,SEXUALITY
406,SEXUALITY
407,SELF_ESTEEM
408,SEXUALITY
409,RELATIONSHIPS
410,ADDICTION
412,ADDICTION
413,TRAUMA
414,STRESS
415,ADDICTION
416,RELATIONSHIPS
417,SELF_ESTEEM
418,DEPRESSION
419,ADDICTION
420,TRAUMA
421,RELATIONSHIPS
422,DEPRESSION
423,SEXUALITY
424,STRESS
425,DEPRESSION
426,RELATIONSHIPS
427,SEXUALITY
428,DEPRESSION
429,RELATIONSHIPS
430,LGBTQ
431,DEPRESSION
432,SEXUALITY
433,BEHAVIOR
434,RELATIONSHIPS
435,SEXUALITY
436,DEPRESSION
437,SEXUALITY
438,SEXUALITY
439,RELATIONSHIPS
440,STRESS
441,BEHAVIOR
442,LGBTQ
443,RELATIONSHIPS
444,STRESS
445,FAMILY
446,LGBTQ
447,DEPRESSION
448,FAMILY
449,DEPRESSION
450,RELATIONSHIPS
451,STRESS
452,RELATIONSHIPS
453,DEPRESSION
454,FAMILY
455,STRESS
456,SEXUALITY
457,SEXUALITY
458,LGBTQ
459,SEXUALITY
460,LGBTQ
461,BEHAVIOR
462,STRESS
463,SEXUALITY
464,DEPRESSION
465,DOMESTIC_VIOLENCE
466,STRESS
467,SEXUALITY
468,SELF_ESTEEM
469,RELATIONSHIPS
470,SEXUALITY
471,EATING_DISORDERS
472,SELF_ESTEEM
473,DEPRESSION
474,LGBTQ
475,FAMILY
476,DEPRESSION
477,STRESS
478,EATING_DISORDERS
479,FAMILY
480,SEXUALITY
481,SEXUALITY
482,SELF_HARM
483,ADDICTION
484,FAMILY
485,RELATIONSHIPS
486,TRAUMA
487,DEPRESSION
488,RELATIONSHIPS
489,TRAUMA
490,STRESS
491,ADDICTION
492,BEHAVIOR
493,DEPRESSION
494,RELATIONSHIPS
495,DEPRESSION
496,SELF_ESTEEM
497,FAMILY
498,STRESS
499,TRAUMA
500,DEPRESSION
501,STRESS
502,DEPRESSION
503,RELATIONSHIPS
504,BEHAVIOR
505,BEHAVIOR
506,SEXUALITY
507,SEXUALITY
508,BEHAVIOR
509,FAMILY
510,DEPRESSION
511,RELATIONSHIPS
512,SEXUALITY
513,EATING_DISORDERS
514,LGBTQ
515,DEPRESSION
516,DEPRESSION
517,STRESS
518,LGBTQ
519,STRESS
520,EATING_DISORDERS
521,STRESS
522,SPIRITUALITY
523,RELATIONSHIPS
524,STRESS
525,EATING_DISORDERS
526,DEPRESSION
527,RELATIONSHIPS
528,RELATIONSHIPS
529,SELF_ESTEEM
530,STRESS
531,RELATIONSHIPS
532,RELATIONSHIPS
533,STRESS
534,RELATIONSHIPS
535,STRESS
538,STRESS
539,STRESS
540,STRESS
541,RELATIONSHIPS
542,STRESS
543,RELATIONSHIPS
544,SEXUALITY
545,DEPRESSION
546,RELATIONSHIPS
547,SEXUALITY
548,DEPRESSION
549,SEXUALITY
550,FAMILY
551,RELATIONSHIPS
552,BEHAVIOR
553,DEPRESSION
554,BEHAVIOR
555,RELATIONSHIPS
556,STRESS
557,BEHAVIOR
558,STRESS
559,SEXUALITY
560,DEPRESSION
561,STRESS
562,SPIRITUALITY
563,SEXUALITY
564,RELATIONSHIPS
565,SEXUALITY
566,BEHAVIOR
567,RELATIONSHIPS
568,COUNSELING
569,EATING_DISORDERS
570,ADDICTION
571,ADDICTION
572,STRESS
573,RELATIONSHIPS
574,RELATIONSHIPS
575,RELATIONSHIPS
576,RELATIONSHIPS
577,SEXUALITY
578,RELATIONSHIPS
579,ADDICTION
580,SELF_ESTEEM
581,ADDICTION
582,SELF_ESTEEM
583,LGBTQ
584,SELF_ESTEEM
585,STRESS
586,SELF_ESTEEM
587,LGBTQ
588,DEPRESSION
589,RELATIONSHIPS
590,RELATIONSHIPS
591,RELATIONSHIPS
592,SELF_ESTEEM
593,LGBTQ
594,GRIEF
595,FAMILY
596,SELF_ESTEEM
597,BEHAVIOR
598,STRESS
599,ADDICTION
600,TRAUMA
601,TRAUMA
602,COUNSELING
603,BEHAVIOR
604,STRESS
605,LGBTQ
606,LGBTQ
607,LGBTQ
608,LGBTQ
609,FAMILY
610,SEXUALITY
611,SELF_ESTEEM
612,FAMILY
613,FAMILY
614,DEPRESSION
615,WORKPLACE
616,BEHAVIOR
617,RELATIONSHIPS
618,RELATIONSHIPS
619,WORKPLACE
620,SELF_ESTEEM
621,SEXUALITY
622,TRAUMA
623,LGBTQ
624,LGBTQ
625,TRAUMA
626,RELATIONSHIPS
627,TRAUMA
628,RELATIONSHIPS
629,LGBTQ
630,DEPRESSION
631,TRAUMA
632,TRAUMA
633,TRAUMA
634,SEXUALITY
635,TRAUMA
636,DEPRESSION
637,TRAUMA
638,LGBTQ
639,FAMILY
640,LGBTQ
641,TRAUMA
642,LGBTQ
643,STRESS
644,DOMESTIC_VIOLENCE
645,DOMESTIC_VIOLENCE
646,TRAUMA
647,DEPRESSION
648,FAMILY
649,ADDICTION
650,SELF_ESTEEM
651,ADDICTION
652,ADDICTION
653,BEHAVIOR
654,ADDICTION
655,FAMILY
656,LGBTQ
657,LGBTQ
658,STRESS
659,SEXUALITY
660,ADDICTION
661,DEPRESSION
662,SEXUALITY
663,SELF_ESTEEM
664,GRIEF
665,ADDICTION
666,SELF_ESTEEM
667,FAMILY
668,DEPRESSION
669,FAMILY
670,FAMILY
671,STRESS
672,TRAUMA
673,TRAUMA
674,DEPRESSION
675,DEPRESSION
676,BEHAVIOR
677,DEPRESSION
678,DEPRESSION
679,LGBTQ
680,RELATIONSHIPS
681,RELATIONSHIPS
682,RELATIONSHIPS
683,LGBTQ
684,RELATIONSHIPS
685,RELATIONSHIPS
686,RELATIONSHIPS
687,DEPRESSION
688,STRESS
689,SEXUALITY
690,DEPRESSION
691,DEPRESSION
692,DEPRESSION
693,SEXUALITY
694,SEXUALITY
695,RELATIONSHIPS
696,RELATIONSHIPS
697,SEXUALITY
698,SEXUALITY
699,SEXUALITY
700,STRESS
701,RELATIONSHIPS
702,DEPRESSION
703,DEPRESSION
704,DEPRESSION
705,STRESS
706,STRESS
707,DEPRESSION
708,FAMILY
709,DEPRESSION
710,DEPRESSION
711,RELATIONSHIPS
712,RELATIONSHIPS
713,RELATIONSHIPS
714,STRESS
715,DEPRESSION
716,LGBTQ
717,STRESS
718,SEXUALITY
719,STRESS
720,LGBTQ
721,FAMILY
722,FAMILY
723,STRESS
724,BEHAVIOR
725,ADDICTION
726,LGBTQ
727,RELATIONSHIPS
728,DEPRESSION
729,DEPRESSION
730,DEPRESSION
731,FAMILY
732,FAMILY
733,STRESS
734,DOMESTIC_VIOLENCE
735,RELATIONSHIPS
736,SLEEP
737,RELATIONSHIPS
738,RELATIONSHIPS
739,SEXUALITY
740,SEXUALITY
741,FAMILY
742,FAMILY
743,DEPRESSION
744,LGBTQ
745,SEXUALITY
746,SEXUALITY
747,FAMILY
748,SEXUALITY
749,RELATIONSHIPS
750,RELATIONSHIPS
751,STRESS
752,STRESS
753,SEXUALITY
754,COUNSELING
755,FAMILY
756,SEXUALITY
757,DEPRESSION
758,BEHAVIOR
759,BEHAVIOR
760,RELATIONSHIPS
761,FAMILY
762,BEHAVIOR
763,BEHAVIOR
764,FAMILY
765,RELATIONSHIPS
766,DEPRESSION
767,BEHAVIOR
768,DEPRESSION
769,DEPRESSION
770,SEXUALITY
771,DEPRESSION
772,DEPRESSION
773,DEPRESSION
774,FAMILY
775,SEXUALITY
776,BEHAVIOR
777,TRAUMA
778,DEPRESSION
779,SELF_ESTEEM
780,DEPRESSION
781,RELATIONSHIPS
782,DEPRESSION
783,FAMILY
784,SEXUALITY
785,BEHAVIOR
786,RELATIONSHIPS
787,RELATIONSHIPS
788,FAMILY
789,BEHAVIOR
790,BEHAVIOR
791,DEPRESSION
792,TRAUMA
793,FAMILY
794,DEPRESSION
795,SEXUALITY
796,DEPRESSION
797,LGBTQ
798,SEXUALITY
799,RELATIONSHIPS
800,RELATIONSHIPS
801,SEXUALITY
802,DEPRESSION
803,SEXUALITY
804,DEPRESSION
805,LGBTQ
806,SEXUALITY
807,SELF_ESTEEM
808,SEXUALITY
809,RELATIONSHIPS
810,SEXUALITY
811,LGBTQ
812,DEPRESSION
813,DEPRESSION
814,RELATIONSHIPS
815,RELATIONSHIPS
816,TRAUMA
817,STRESS
818,SEXUALITY
819,RELATIONSHIPS
820,DEPRESSION
821,RELATIONSHIPS
822,LGBTQ
823,RELATIONSHIPS
824,DEPRESSION
825,SEXUALITY
826,LGBTQ
827,DEPRESSION
828,LGBTQ
829,DEPRESSION
830,DEPRESSION
831,BEHAVIOR
832,BEHAVIOR
833,DEPRESSION
834,BEHAVIOR
835,STRESS
836,DEPRESSION
837,RELATIONSHIPS
838,DEPRESSION
839,DEPRESSION
840,BEHAVIOR
841,STRESS
842,BEHAVIOR
843,SELF_ESTEEM
844,STRESS
845,DEPRESSION
846,STRESS
847,STRESS
848,BEHAVIOR
849,STRESS
850,SEXUALITY
851,DEPRESSION
852,STRESS
853,DEPRESSION
854,STRESS
855,BEHAVIOR
856,RELATIONSHIPS
857,DEPRESSION
858,STRESS
859,SEXUALITY
860,LGBTQ
861,FAMILY
862,STRESS
863,DEPRESSION
864,BEHAVIOR
865,STRESS
866,STRESS
867,DEPRESSION
868,FAMILY
869,DEPRESSION
870,STRESS
871,STRESS
872,STRESS
873,LGBTQ
874,LGBTQ
875,STRESS
876,LGBTQ
877,LGBTQ
878,SEXUALITY
879,STRESS
880,ADDICTION
881,STRESS
882,DEPRESSION
883,STRESS
884,RELATIONSHIPS
885,DEPRESSION
886,SEXUALITY
887,RELATIONSHIPS
888,LGBTQ
889,FAMILY
890,STRESS
891,DEPRESSION
892,STRESS
893,STRESS
894,RELATIONSHIPS
895,BEHAVIOR
896,RELATIONSHIPS
897,BEHAVIOR
898,BEHAVIOR
899,STRESS
900,DEPRESSION
901,DEPRESSION
902,DEPRESSION
903,DEPRESSION
904,SEXUALITY
905,SEXUALITY
906,FAMILY
907,RELATIONSHIPS
908,RELATIONSHIPS
909,STRESS
910,SEXUALITY
911,SEXUALITY
912,LGBTQ
913,FAMILY
914,DEPRESSION
915,RELATIONSHIPS
916,LGBTQ
917,STRESS
918,RELATIONSHIPS
919,GRIEF
920,ADDICTION
921,GRIEF
922,BEHAVIOR
923,FAMILY
924,LGBTQ
925,TRAUMA
926,SEXUALITY
927,STRESS
928,SPIRITUALITY
929,DEPRESSION
930,SEXUALITY
931,DEPRESSION
932,SPIRITUALITY
933,STRESS
934,SEXUALITY
935,RELATIONSHIPS
936,RELATIONSHIPS
937,STRESS
938,STRESS
939,RELATIONSHIPS
940,SEXUALITY
941,DOMESTIC_VIOLENCE
942,SELF_ESTEEM
943,SEXUALITY
944,SEXUALITY
945,RELATIONSHIPS
946,STRESS
947,FAMILY
948,SEXUALITY
949,SPIRITUALITY
950,RELATIONSHIPS
951,FAMILY
952,SEXUALITY
953,DOMESTIC_VIOLENCE
954,SEXUALITY
955,RELATIONSHIPS
956,SEXUALITY
957,ADDICTION
958,BEHAVIOR
959,LGBTQ
960,ADDICTION
961,SEXUALITY
962,SEXUALITY
963,FAMILY
964,SPIRITUALITY
965,SEXUALITY
966,STRESS
967,SEXUALITY
968,SEXUALITY
969,LGBTQ
970,SEXUALITY
971,SEXUALITY
972,LGBTQ
973,STRESS
974,DEPRESSION
975,TRAUMA
976,SELF_ESTEEM
977,STRESS
978,BEHAVIOR
979,RELATIONSHIPS
980,STRESS
981,RELATIONSHIPS
982,SEXUALITY
983,BEHAVIOR
984,BEHAVIOR
985,STRESS
986,SELF_HARM
987,FAMILY
988,SELF_HARM
989,RELATIONSHIPS
990,SELF_HARM
991,COUNSELING
992,WORKPLACE
993,TRAUMA
994,COUNSELING
995,COUNSELING
996,ADDICTION
997,COUNSELING
998,RELATIONSHIPS
999,COUNSELING
1000,LGBTQ
1001,SELF_HARM
1002,WORKPLACE
1003,COUNSELING
1004,STRESS
1005,STRESS
1006,STRESS
1007,STRESS
1008,STRESS
1009,FAMILY
1010,FAMILY
1011,SELF_HARM
1012,FAMILY
1013,ADDICTION
1014,SELF_HARM
1015,SELF_ESTEEM
1016,RELATIONSHIPS
1017,FAMILY
1018,BEHAVIOR
1019,FAMILY
1020,DEPRESSION
1021,SEXUALITY
1022,LGBTQ
1023,RELATIONSHIPS
1024,RELATIONSHIPS
1025,FAMILY
1026,ADDICTION
1027,FAMILY
1028,SEXUALITY
1029,SELF_ESTEEM
1030,SELF_HARM
1031,RELATIONSHIPS
1032,STRESS
1033,SEXUALITY
1034,STRESS
1035,ADDICTION
1036,RELATIONSHIPS
1037,SEXUALITY
1038,SEXUALITY
1039,COUNSELING
1040,SELF_ESTEEM
1041,BEHAVIOR
1042,STRESS
1043,FAMILY
1044,COUNSELING
1045,RELATIONSHIPS
1046,STRESS
1047,RELATIONSHIPS
1048,RELATIONSHIPS
1049,SELF_ESTEEM
1050,BEHAVIOR
1051,STRESS
1052,SEXUALITY
1053,SELF_HARM
1054,TRAUMA
1055,STRESS
1056,DEPRESSION
1057,SEXUALITY
1058,LGBTQ
1059,BEHAVIOR
1060,FAMILY
1061,SELF_ESTEEM
1062,SELF_ESTEEM
1063,TRAUMA
1064,TRAUMA
1065,TRAUMA
1066,STRESS
1067,TRAUMA
1068,TRAUMA
1069,TRAUMA
1070,DEPRESSION
1071,SEXUALITY
1072,SEXUALITY
1073,SEXUALITY
1074,STRESS
1075,TRAUMA
1076,SELF_HARM
1077,FAMILY
1078,FAMILY
1079,RELATIONSHIPS
1080,SEXUALITY
1081,RELATIONSHIPS
1082,SEXUALITY
1083,COUNSELING
1084,COUNSELING
1085,STRESS
1086,STRESS
1087,TRAUMA
1088,DEPRESSION
1089,SELF_ESTEEM
1090,SELF_ESTEEM
1091,SELF_ESTEEM
1092,ADDICTION
1093,SELF_ESTEEM
1094,TRAUMA
1095,STRESS
1096,TRAUMA
1097,RELATIONSHIPS
1098,RELATIONSHIPS
1099,RELATIONSHIPS
1100,RELATIONSHIPS
1101,RELATIONSHIPS
1102,RELATIONSHIPS
1103,STRESS
1104,TRAUMA
1105,SEXUALITY
1106,DEPRESSION
1107,STRESS
1108,RELATIONSHIPS
1109,SEXUALITY
1110,RELATIONSHIPS
1111,SEXUALITY
1112,SEXUALITY
1113,RELATIONSHIPS
1114,SEXUALITY
1115,RELATIONSHIPS
1116,RELATIONSHIPS
1117,FAMILY
1118,RELATIONSHIPS
1119,RELATIONSHIPS
1120,RELATIONSHIPS
1121,RELATIONSHIPS
1122,SELF_ESTEEM
1123,RELATIONSHIPS
1124,RELATIONSHIPS
1125,STRESS
1126,RELATIONSHIPS
1127,BEHAVIOR
1128,SEXUALITY
1129,RELATIONSHIPS
1130,STRESS
1131,BEHAVIOR
1132,RELATIONSHIPS
1133,DEPRESSION
1134,STRESS
1135,SEXUALITY
1136,LGBTQ
1137,LGBTQ
1138,STRESS
1139,RELATIONSHIPS
1140,RELATIONSHIPS
1141,DEPRESSION
1142,STRESS
1143,SELF_ESTEEM
1144,FAMILY
1145,SEXUALITY
1146,STRESS
1147,SEXUALITY
1148,RELATIONSHIPS
1149,FAMILY
1150,TRAUMA
1151,COUNSELING
1152,SEXUALITY
1153,BEHAVIOR
1154,STRESS
1155,RELATIONSHIPS
1156,SEXUALITY
1157,DEPRESSION
1158,RELATIONSHIPS
1159,STRESS
1160,STRESS
1161,BEHAVIOR
1162,STRESS
1163,COUNSELING
1164,DEPRESSION
1165,RELATIONSHIPS
1166,RELATIONSHIPS
1167,RELATIONSHIPS
1168,COUNSELING
1169,COUNSELING
1170,COUNSELING
1171,SELF_ESTEEM
1172,TRAUMA
1173,DEPRESSION
1174,COUNSELING
1175,RELATIONSHIPS
1176,STRESS
1177,RELATIONSHIPS
1178,COUNSELING
1179,COUNSELING
1180,LGBTQ
1181,BEHAVIOR
1182,COUNSELING
1183,SEXUALITY
1184,DEPRESSION
1185,DEPRESSION
1186,DEPRESSION
1187,DEPRESSION
1188,COUNSELING
1189,SEXUALITY
1190,DEPRESSION
1191,COUNSELING
1192,DEPRESSION
1193,SEXUALITY
1194,DEPRESSION
1195,COUNSELING
1196,ADDICTION
1197,ADDICTION
1198,SEXUALITY
1199,RELATIONSHIPS
1200,COUNSELING
1201,COUNSELING
1202,RELATIONSHIPS
1203,STRESS
1204,DEPRESSION
1205,STRESS
1206,SEXUALITY
1207,STRESS
1208,STRESS
1209,RELATIONSHIPS
1210,ADDICTION
1211,SEXUALITY
1212,DEPRESSION
1213,STRESS
1214,SEXUALITY
1215,RELATIONSHIPS
1216,SEXUALITY
1217,SEXUALITY
1218,RELATIONSHIPS
1219,SEXUALITY
1220,SEXUALITY
1221,RELATIONSHIPS
1222,COUNSELING
1223,DEPRESSION
1224,DEPRESSION
1225,STRESS
1226,STRESS
1227,ADDICTION
1228,ADDICTION
1229,ADDICTION
1230,STRESS
1231,STRESS
1232,DEPRESSION
1233,RELATIONSHIPS
1234,SELF_ESTEEM
1235,TRAUMA
1236,STRESS
1237,ADDICTION
1238,RELATIONSHIPS
1239,DEPRESSION
1240,SELF_ESTEEM
1241,STRESS
1242,STRESS
1243,STRESS
1244,STRESS
1245,STRESS
1246,SEXUALITY
1247,RELATIONSHIPS
1248,STRESS
1249,STRESS
1250,STRESS
1251,SELF_ESTEEM
1252,RELATIONSHIPS
1253,RELATIONSHIPS
1254,RELATIONSHIPS
1255,DEPRESSION
1256,RELATIONSHIPS
1257,SEXUALITY
1258,STRESS
1259,STRESS
1260,STRESS
1261,TRAUMA
1262,DEPRESSION
1263,RELATIONSHIPS
1264,STRESS
1265,RELATIONSHIPS
1266,SEXUALITY
1267,STRESS
1268,RELATIONSHIPS
1269,STRESS
1270,RELATIONSHIPS
1271,DEPRESSION
1272,DEPRESSION
1273,DEPRESSION
1274,RELATIONSHIPS
1275,GRIEF
1276,RELATIONSHIPS
1277,STRESS
1278,DEPRESSION
1279,SEXUALITY
1280,STRESS
1281,STRESS
1282,RELATIONSHIPS
1283,SEXUALITY
1284,STRESS
1285,FAMILY
1286,SEXUALITY
1287,RELATIONSHIPS
1288,STRESS
1289,SEXUALITY
1290,RELATIONSHIPS
1291,SEXUALITY
1292,RELATIONSHIPS
1293,RELATIONSHIPS
1294,LGBTQ
1295,DEPRESSION
1296,RELATIONSHIPS
1297,RELATIONSHIPS
1298,SEXUALITY
1299,RELATIONSHIPS
1300,RELATIONSHIPS
1301,STRESS
1302,TRAUMA
1303,RELATIONSHIPS
1304,RELATIONSHIPS
1305,RELATIONSHIPS
1306,LGBTQ
1307,DEPRESSION
1308,DEPRESSION
1309,LGBTQ
1310,DEPRESSION
1311,STRESS
1312,STRESS
1313,RELATIONSHIPS
1314,DEPRESSION
1315,DEPRESSION
1316,STRESS
1317,FAMILY
1318,RELATIONSHIPS
1319,FAMILY
1320,DEPRESSION
1321,STRESS
1322,DEPRESSION
1323,FAMILY
1324,DEPRESSION
1325,STRESS
1326,DEPRESSION
1327,RELATIONSHIPS
1328,DEPRESSION
1329,SEXUALITY
1330,COUNSELING
1331,COUNSELING
1332,STRESS
1333,RELATIONSHIPS
1334,RELATIONSHIPS
1335,STRESS
1336,WORKPLACE
1337,WORKPLACE
1338,WORKPLACE
1339,COUNSELING
1340,WORKPLACE
1341,COUNSELING
1342,WORKPLACE
1343,DEPRESSION
1344,WORKPLACE
1345,COUNSELING
1346,RELATIONSHIPS
1347,STRESS
1348,COUNSELING
1349,LGBTQ
1350,WORKPLACE
1351,FAMILY
1352,COUNSELING
1353,STRESS
1354,STRESS
1355,COUNSELING
1356,WORKPLACE
1357,COUNSELING
1358,STRESS
1359,DEPRESSION
1360,DEPRESSION
1361,ADDICTION
1362,ADDICTION
1363,ADDICTION
1364,ADDICTION
1365,ADDICTION
1366,ADDICTION
1367,ADDICTION
1368,STRESS
1369,COUNSELING
1370,WORKPLACE
1371,COUNSELING
1372,RELATIONSHIPS
1373,TRAUMA
1374,FAMILY
1375,ADDICTION
1376,WORKPLACE
1377,ADDICTION
1378,BEHAVIOR
1379,COUNSELING
1380,WORKPLACE
1381,WORKPLACE
1382,COUNSELING
1383,COUNSELING
1384,ADDICTION
1385,WORKPLACE
1386,FAMILY
1387,COUNSELING
1388,STRESS
1389,WORKPLACE
1390,FAMILY
1391,STRESS
1392,STRESS
1393,DEPRESSION
1394,DEPRESSION
1395,ADDICTION
1396,DEPRESSION
1397,COUNSELING
1398,COUNSELING
1399,ADDICTION
1400,ADDICTION
1401,COUNSELING
1402,ADDICTION
1403,FAMILY
1404,ADDICTION
1405,ADDICTION
1406,ADDICTION
1407,ADDICTION
1408,ADDICTION
1409,ADDICTION
1410,RELATIONSHIPS
1411,DEPRESSION
1412,COUNSELING
1413,STRESS
1414,WORKPLACE
1415,DEPRESSION
1416,DOMESTIC_VIOLENCE
1417,STRESS
1418,COUNSELING
1419,STRESS
1420,DEPRESSION
1421,COUNSELING
1422,STRESS
1423,STRESS
1424,SEXUALITY
1425,WORKPLACE
1426,COUNSELING
1427,STRESS
1428,STRESS
1429,RELATIONSHIPS
1430,RELATIONSHIPS
1431,SEXUALITY
1432,COUNSELING
1433,FAMILY
1434,RELATIONSHIPS
1435,RELATIONSHIPS
1436,SEXUALITY
1437,DEPRESSION
1438,COUNSELING
1439,STRESS
1440,RELATIONSHIPS
1441,STRESS
1442,LGBTQ
1443,SEXUALITY
1444,RELATIONSHIPS
1445,TRAUMA
1446,FAMILY
1447,COUNSELING
1448,STRESS
1449,COUNSELING
1450,SEXUALITY
1451,DEPRESSION
1452,DEPRESSION
1453,FAMILY
1454,RELATIONSHIPS
1455,SEXUALITY
1456,TRAUMA
1457,COUNSELING
1458,DEPRESSION
1459,SEXUALITY
1460,FAMILY
1461,RELATIONSHIPS
1462,FAMILY
1463,STRESS
1464,COUNSELING
1465,COUNSELING
1466,ADDICTION
1467,STRESS
1468,STRESS
1469,DEPRESSION
1470,RELATIONSHIPS
1471,DEPRESSION
1472,FAMILY
1473,FAMILY
1474,COUNSELING
1475,STRESS
1476,RELATIONSHIPS
1477,FAMILY
1478,ADDICTION
1479,FAMILY
1480,DEPRESSION
1481,STRESS
0,DEPRESSION
1,DEPRESSION
2,DEPRESSION
3,DEPRESSION
4,DEPRESSION
5,DEPRESSION
6,DEPRESSION
7,DEPRESSION
8,DEPRESSION
9,DEPRESSION
10,DEPRESSION
11,DEPRESSION
12,DEPRESSION
13,DEPRESSION
14,DEPRESSION
15,DEPRESSION
16,DEPRESSION
17,DEPRESSION
18,DEPRESSION
19,DEPRESSION
20,DEPRESSION
21,DEPRESSION
22,DEPRESSION
23,DEPRESSION
24,DEPRESSION
25,DEPRESSION
26,DEPRESSION
27,DEPRESSION
28,DEPRESSION
29,DEPRESSION
30,DEPRESSION
31,DEPRESSION
32,DEPRESSION
33,DEPRESSION
34,DEPRESSION
35,DEPRESSION
36,DEPRESSION
37,DEPRESSION
38,DEPRESSION
39,DEPRESSION
40,DEPRESSION
41,DEPRESSION
42,DEPRESSION
43,DEPRESSION
44,DEPRESSION
45,DEPRESSION
46,DEPRESSION
47,DEPRESSION
48,DEPRESSION
49,DEPRESSION
50,DEPRESSION
51,DEPRESSION
52,DEPRESSION
53,DEPRESSION
54,DEPRESSION
55,DEPRESSION
56,DEPRESSION
57,DEPRESSION
58,DEPRESSION
59,DEPRESSION
60,DEPRESSION
61,DEPRESSION
62,DEPRESSION
63,DEPRESSION
64,DEPRESSION
65,DEPRESSION
66,DEPRESSION
67,DEPRESSION
68,DEPRESSION
69,DEPRESSION
70,DEPRESSION
71,DEPRESSION
72,DEPRESSION
73,DEPRESSION
74,DEPRESSION
75,DEPRESSION
76,DEPRESSION
77,DEPRESSION
78,DEPRESSION
79,DEPRESSION
80,DEPRESSION
81,DEPRESSION
82,DEPRESSION
83,DEPRESSION
84,DEPRESSION
85,DEPRESSION
86,DEPRESSION
87,DEPRESSION
88,DEPRESSION
89,DEPRESSION
90,DEPRESSION
91,DEPRESSION
92,DEPRESSION
93,DEPRESSION
94,DEPRESSION
95,DEPRESSION
96,DEPRESSION
97,DEPRESSION
98,DEPRESSION
99,DEPRESSION
100,DEPRESSION
101,DEPRESSION
102,DEPRESSION
103,DEPRESSION
104,DEPRESSION
105,DEPRESSION
106,DEPRESSION
107,DEPRESSION
108,DEPRESSION
109,DEPRESSION
110,DEPRESSION
111,DEPRESSION
112,DEPRESSION
113,DEPRESSION
114,DEPRESSION
115,DEPRESSION
116,DEPRESSION
117,DEPRESSION
118,DEPRESSION
119,DEPRESSION
120,DEPRESSION
121,DEPRESSION
122,DEPRESSION
123,DEPRESSION
124,DEPRESSION
125,DEPRESSION
126,DEPRESSION
127,DEPRESSION
128,DEPRESSION
129,DEPRESSION
130,DEPRESSION
131,DEPRESSION
132,DEPRESSION
133,DEPRESSION
134,DEPRESSION
135,DEPRESSION
136,DEPRESSION
137,DEPRESSION
138,DEPRESSION
139,DEPRESSION
140,DEPRESSION
141,DEPRESSION
142,DEPRESSION
143,DEPRESSION
144,DEPRESSION
145,DEPRESSION
146,DEPRESSION
147,DEPRESSION
148,DEPRESSION
149,DEPRESSION
150,DEPRESSION
151,DEPRESSION
152,DEPRESSION
153,DEPRESSION
154,DEPRESSION
155,DEPRESSION
156,DEPRESSION
157,DEPRESSION
158,DEPRESSION
159,DEPRESSION
160,DEPRESSION
161,DEPRESSION
162,DEPRESSION
163,DEPRESSION
164,DEPRESSION
165,DEPRESSION
166,DEPRESSION
167,DEPRESSION
168,DEPRESSION
169,DEPRESSION
170,DEPRESSION
171,DEPRESSION
172,DEPRESSION
173,DEPRESSION
174,DEPRESSION
175,DEPRESSION
176,DEPRESSION
177,DEPRESSION
178,DEPRESSION
179,DEPRESSION
180,DEPRESSION
181,DEPRESSION
182,DEPRESSION
183,DEPRESSION
184,DEPRESSION
185,DEPRESSION
186,DEPRESSION
187,DEPRESSION
188,DEPRESSION
189,DEPRESSION
190,DEPRESSION
191,DEPRESSION
192,DEPRESSION
193,DEPRESSION
194,DEPRESSION
195,DEPRESSION
196,DEPRESSION
197,DEPRESSION
198,DEPRESSION
199,DEPRESSION
200,DEPRESSION
201,DEPRESSION
202,DEPRESSION
203,DEPRESSION
204,DEPRESSION
205,DEPRESSION
206,DEPRESSION
207,DEPRESSION
208,DEPRESSION
209,DEPRESSION
210,DEPRESSION
211,DEPRESSION
212,DEPRESSION
213,DEPRESSION
214,DEPRESSION
215,DEPRESSION
216,DEPRESSION
217,DEPRESSION
218,DEPRESSION
219,DEPRESSION
220,DEPRESSION
221,DEPRESSION
222,DEPRESSION
223,DEPRESSION
224,DEPRESSION
225,DEPRESSION
226,DEPRESSION
227,DEPRESSION
228,DEPRESSION
229,DEPRESSION
230,DEPRESSION
231,DEPRESSION
232,DEPRESSION
233,DEPRESSION
234,DEPRESSION
235,DEPRESSION
236,DEPRESSION
237,DEPRESSION
238,DEPRESSION
239,DEPRESSION
240,DEPRESSION
241,DEPRESSION
242,DEPRESSION
243,DEPRESSION
244,DEPRESSION
245,DEPRESSION
246,DEPRESSION
247,DEPRESSION
248,DEPRESSION
249,DEPRESSION
250,DEPRESSION
251,DEPRESSION
252,DEPRESSION
253,DEPRESSION
254,DEPRESSION
255,DEPRESSION
256,DEPRESSION
257,DEPRESSION
258,DEPRESSION
259,DEPRESSION
260,DEPRESSION
261,DEPRESSION
262,DEPRESSION
263,DEPRESSION
264,DEPRESSION
265,DEPRESSION
266,DEPRESSION
267,DEPRESSION
268,DEPRESSION
269,DEPRESSION
270,DEPRESSION
271,DEPRESSION
272,DEPRESSION
273,DEPRESSION
274,DEPRESSION
275,DEPRESSION
276,DEPRESSION
277,DEPRESSION
278,DEPRESSION
279,DEPRESSION
280,DEPRESSION
281,DEPRESSION
282,DEPRESSION
283,DEPRESSION
284,DEPRESSION
285,DEPRESSION
286,DEPRESSION
287,DEPRESSION
288,DEPRESSION
289,DEPRESSION
290,DEPRESSION
291,DEPRESSION
292,DEPRESSION
293,DEPRESSION
294,DEPRESSION
295,DEPRESSION
296,DEPRESSION
297,DEPRESSION
298,DEPRESSION
299,DEPRESSION
300,DEPRESSION
301,DEPRESSION
302,DEPRESSION
303,DEPRESSION
304,DEPRESSION
305,DEPRESSION
306,DEPRESSION
307,DEPRESSION
308,DEPRESSION
309,DEPRESSION
310,DEPRESSION
311,DEPRESSION
312,DEPRESSION
313,DEPRESSION
314,DEPRESSION
315,DEPRESSION
316,DEPRESSION
317,DEPRESSION
318,DEPRESSION
319,DEPRESSION
320,DEPRESSION
321,DEPRESSION
322,DEPRESSION
323,DEPRESSION
324,DEPRESSION
325,DEPRESSION
326,DEPRESSION
327,DEPRESSION
328,DEPRESSION
329,DEPRESSION
330,STRESS
331,STRESS
332,STRESS
333,STRESS
334,STRESS
335,STRESS
336,STRESS
337,STRESS
338,STRESS
339,STRESS
340,STRESS
341,STRESS
342,STRESS
343,STRESS
344,STRESS
345,STRESS
346,STRESS
347,STRESS
348,STRESS
349,STRESS
350,STRESS
351,STRESS
352,STRESS
353,STRESS
354,STRESS
355,STRESS
356,STRESS
357,STRESS
358,STRESS
359,STRESS
360,STRESS
361,STRESS
362,STRESS
363,STRESS
364,STRESS
365,STRESS
366,STRESS
367,STRESS
368,STRESS
369,STRESS
370,STRESS
371,STRESS
372,STRESS
373,STRESS
374,STRESS
375,STRESS
376,STRESS
377,STRESS
378,STRESS
379,STRESS
380,STRESS
381,STRESS
382,STRESS
383,STRESS
384,STRESS
385,STRESS
386,STRESS
387,STRESS
388,STRESS
389,STRESS
390,STRESS
391,STRESS
392,STRESS
393,STRESS
394,STRESS
395,STRESS
396,STRESS
397,STRESS
398,STRESS
399,STRESS
400,STRESS
401,STRESS
402,STRESS
403,STRESS
404,STRESS
405,STRESS
406,STRESS
407,STRESS
408,STRESS
409,STRESS
410,STRESS
411,STRESS
412,STRESS
413,STRESS
414,STRESS
415,STRESS
416,STRESS
417,STRESS
418,STRESS
419,STRESS
420,STRESS
421,STRESS
422,STRESS
423,STRESS
424,STRESS
425,STRESS
426,STRESS
427,STRESS
428,STRESS
429,STRESS
430,STRESS
431,STRESS
432,STRESS
433,STRESS
434,STRESS
435,STRESS
436,STRESS
437,STRESS
438,STRESS
439,STRESS
440,STRESS
441,STRESS
442,STRESS
443,STRESS
444,STRESS
445,STRESS
446,STRESS
447,STRESS
448,STRESS
449,STRESS
450,STRESS
451,STRESS
452,STRESS
453,STRESS
454,STRESS
455,STRESS
456,STRESS
457,STRESS
458,STRESS
459,STRESS
460,STRESS
461,STRESS
462,STRESS
463,STRESS
464,STRESS
465,STRESS
466,STRESS
467,STRESS
468,STRESS
469,STRESS
470,STRESS
471,STRESS
472,STRESS
473,STRESS
474,STRESS
475,STRESS
476,STRESS
477,STRESS
478,STRESS
479,STRESS
480,STRESS
481,STRESS
482,STRESS
483,STRESS
484,STRESS
485,STRESS
486,STRESS
487,STRESS
488,STRESS
489,STRESS
490,STRESS
491,STRESS
492,STRESS
493,STRESS
494,STRESS
495,STRESS
496,STRESS
497,STRESS
498,STRESS
499,STRESS
500,STRESS
501,STRESS
502,STRESS
503,STRESS
504,STRESS
505,STRESS
506,STRESS
507,STRESS
508,STRESS
509,STRESS
510,STRESS
511,STRESS
512,STRESS
513,STRESS
514,STRESS
515,STRESS
516,STRESS
517,STRESS
518,STRESS
519,STRESS
520,STRESS
521,STRESS
522,STRESS
523,STRESS
524,STRESS
525,STRESS
526,STRESS
527,STRESS
528,STRESS
529,STRESS
530,STRESS
531,STRESS
532,STRESS
533,STRESS
534,STRESS
535,STRESS
536,STRESS
537,STRESS
538,STRESS
539,STRESS
540,STRESS
541,STRESS
542,STRESS
543,STRESS
544,STRESS
545,STRESS
546,STRESS
547,STRESS
548,STRESS
549,STRESS
550,STRESS
551,STRESS
552,STRESS
553,STRESS
554,STRESS
555,STRESS
556,STRESS
557,STRESS
558,STRESS
559,STRESS
560,STRESS
561,STRESS
562,STRESS
563,STRESS
564,STRESS
565,STRESS
566,STRESS
567,STRESS
568,STRESS
569,STRESS
570,STRESS
571,STRESS
572,STRESS
573,STRESS
574,STRESS
575,STRESS
576,STRESS
577,STRESS
578,STRESS
579,FAMILY
580,FAMILY
581,FAMILY
582,FAMILY
583,FAMILY
584,FAMILY
585,FAMILY
586,FAMILY
587,FAMILY
588,FAMILY
589,FAMILY
590,FAMILY
591,FAMILY
592,FAMILY
593,FAMILY
594,FAMILY
595,FAMILY
596,FAMILY
597,FAMILY
598,FAMILY
599,FAMILY
600,FAMILY
601,FAMILY
602,FAMILY
603,FAMILY
604,FAMILY
605,FAMILY
606,FAMILY
607,FAMILY
608,FAMILY
609,FAMILY
610,FAMILY
611,FAMILY
612,FAMILY
613,FAMILY
614,FAMILY
615,FAMILY
616,FAMILY
617,FAMILY
618,FAMILY
619,FAMILY
620,FAMILY
621,FAMILY
622,FAMILY
623,FAMILY
624,FAMILY
625,FAMILY
626,FAMILY
627,FAMILY
628,FAMILY
629,FAMILY
630,FAMILY
631,FAMILY
632,FAMILY
633,FAMILY
634,FAMILY
635,FAMILY
636,FAMILY
637,FAMILY
638,FAMILY
639,FAMILY
640,FAMILY
641,FAMILY
642,FAMILY
643,FAMILY
644,FAMILY
645,FAMILY
646,FAMILY
647,FAMILY
648,FAMILY
649,FAMILY
650,FAMILY
651,FAMILY
652,FAMILY
653,FAMILY
654,FAMILY
655,FAMILY
656,FAMILY
657,FAMILY
658,FAMILY
659,FAMILY
660,FAMILY
661,FAMILY
662,FAMILY
663,FAMILY
664,FAMILY
665,FAMILY
666,FAMILY
667,FAMILY
668,FAMILY
669,FAMILY
670,FAMILY
671,FAMILY
672,FAMILY
673,FAMILY
674,FAMILY
675,FAMILY
676,FAMILY
677,FAMILY
678,FAMILY
679,FAMILY
680,FAMILY
681,FAMILY
682,FAMILY
683,FAMILY
684,FAMILY
685,FAMILY
686,FAMILY
687,FAMILY
688,FAMILY
689,FAMILY
690,FAMILY
691,FAMILY
692,FAMILY
693,FAMILY
694,FAMILY
695,FAMILY
696,FAMILY
697,FAMILY
698,FAMILY
699,FAMILY
700,FAMILY
701,FAMILY
702,FAMILY
703,FAMILY
704,FAMILY
705,FAMILY
706,FAMILY
707,FAMILY
708,FAMILY
709,FAMILY
710,FAMILY
711,FAMILY
712,FAMILY
713,FAMILY
714,FAMILY
715,FAMILY
716,FAMILY
717,FAMILY
718,FAMILY
719,FAMILY
720,FAMILY
721,FAMILY
722,FAMILY
723,FAMILY
724,SELF_ESTEEM
725,SELF_ESTEEM
726,SELF_ESTEEM
727,SELF_ESTEEM
728,SELF_ESTEEM
729,SELF_ESTEEM
730,SELF_ESTEEM
731,SELF_ESTEEM
732,SELF_ESTEEM
733,SELF_ESTEEM
734,SELF_ESTEEM
735,SELF_ESTEEM
736,SELF_ESTEEM
737,SELF_ESTEEM
738,SELF_ESTEEM
739,SELF_ESTEEM
740,SELF_ESTEEM
741,SELF_ESTEEM
742,SELF_ESTEEM
743,SELF_ESTEEM
744,SELF_ESTEEM
745,SELF_ESTEEM
746,SELF_ESTEEM
747,SELF_ESTEEM
748,SELF_ESTEEM
749,SELF_ESTEEM
750,SELF_ESTEEM
751,SELF_ESTEEM
752,SELF_ESTEEM
753,SELF_ESTEEM
754,SELF_ESTEEM
755,SELF_ESTEEM
756,SELF_ESTEEM
757,SELF_ESTEEM
758,SELF_ESTEEM
759,SELF_ESTEEM
760,SELF_ESTEEM
761,SELF_ESTEEM
762,SELF_ESTEEM
763,SELF_ESTEEM
764,SELF_ESTEEM
765,SELF_ESTEEM
766,SELF_ESTEEM
767,SELF_ESTEEM
768,SELF_ESTEEM
769,SELF_ESTEEM
770,SELF_ESTEEM
771,SELF_ESTEEM
772,SELF_ESTEEM
773,SELF_ESTEEM
774,SELF_ESTEEM
775,SELF_ESTEEM
776,SELF_ESTEEM
777,SELF_ESTEEM
778,SELF_ESTEEM
779,SELF_ESTEEM
780,SELF_ESTEEM
781,SELF_ESTEEM
782,SELF_ESTEEM
783,SELF_ESTEEM
784,SELF_ESTEEM
785,SELF_ESTEEM
786,SELF_ESTEEM
787,SELF_ESTEEM
788,SELF_ESTEEM
789,SELF_ESTEEM
790,SELF_ESTEEM
791,SELF_ESTEEM
792,SELF_ESTEEM
793,SELF_ESTEEM
794,SELF_ESTEEM
795,SELF_ESTEEM
796,SELF_ESTEEM
797,SELF_ESTEEM
798,SELF_ESTEEM
799,SELF_ESTEEM
800,SELF_ESTEEM
801,SELF_ESTEEM
802,SELF_ESTEEM
803,SELF_ESTEEM
804,SELF_ESTEEM
805,SELF_ESTEEM
806,SELF_ESTEEM
807,RELATIONSHIPS
808,RELATIONSHIPS
809,RELATIONSHIPS
810,RELATIONSHIPS
811,RELATIONSHIPS
812,RELATIONSHIPS
813,RELATIONSHIPS
814,RELATIONSHIPS
815,RELATIONSHIPS
816,RELATIONSHIPS
817,RELATIONSHIPS
818,RELATIONSHIPS
819,RELATIONSHIPS
820,RELATIONSHIPS
821,RELATIONSHIPS
822,RELATIONSHIPS
823,RELATIONSHIPS
824,RELATIONSHIPS
825,RELATIONSHIPS
826,RELATIONSHIPS
827,RELATIONSHIPS
828,RELATIONSHIPS
829,RELATIONSHIPS
830,RELATIONSHIPS
831,RELATIONSHIPS
832,RELATIONSHIPS
833,RELATIONSHIPS
834,RELATIONSHIPS
835,RELATIONSHIPS
836,RELATIONSHIPS
837,RELATIONSHIPS
838,RELATIONSHIPS
839,RELATIONSHIPS
840,RELATIONSHIPS
841,RELATIONSHIPS
842,RELATIONSHIPS
843,RELATIONSHIPS
844,RELATIONSHIPS
845,RELATIONSHIPS
846,RELATIONSHIPS
847,RELATIONSHIPS
848,RELATIONSHIPS
849,RELATIONSHIPS
850,RELATIONSHIPS
851,RELATIONSHIPS
852,RELATIONSHIPS
853,RELATIONSHIPS
854,RELATIONSHIPS
855,RELATIONSHIPS
856,RELATIONSHIPS
857,RELATIONSHIPS
858,RELATIONSHIPS
859,RELATIONSHIPS
860,RELATIONSHIPS
861,RELATIONSHIPS
862,RELATIONSHIPS
863,RELATIONSHIPS
864,RELATIONSHIPS
865,RELATIONSHIPS
866,RELATIONSHIPS
867,RELATIONSHIPS
868,RELATIONSHIPS
869,RELATIONSHIPS
870,RELATIONSHIPS
871,RELATIONSHIPS
872,RELATIONSHIPS
873,RELATIONSHIPS
874,RELATIONSHIPS
875,RELATIONSHIPS
876,RELATIONSHIPS
877,RELATIONSHIPS
878,RELATIONSHIPS
879,RELATIONSHIPS
880,RELATIONSHIPS
881,RELATIONSHIPS
882,RELATIONSHIPS
883,RELATIONSHIPS
884,RELATIONSHIPS
885,RELATIONSHIPS
886,RELATIONSHIPS
887,RELATIONSHIPS
888,RELATIONSHIPS
889,RELATIONSHIPS
890,RELATIONSHIPS
891,RELATIONSHIPS
892,RELATIONSHIPS
893,RELATIONSHIPS
894,RELATIONSHIPS
895,RELATIONSHIPS
896,RELATIONSHIPS
897,RELATIONSHIPS
898,RELATIONSHIPS
899,RELATIONSHIPS
900,RELATIONSHIPS
901,RELATIONSHIPS
902,RELATIONSHIPS
903,RELATIONSHIPS
904,RELATIONSHIPS
905,RELATIONSHIPS
906,RELATIONSHIPS
907,RELATIONSHIPS
908,RELATIONSHIPS
909,SPIRITUALITY
910,SPIRITUALITY
911,SPIRITUALITY
912,SPIRITUALITY
913,SPIRITUALITY
914,SPIRITUALITY
915,SPIRITUALITY
916,SPIRITUALITY
917,SPIRITUALITY
918,SPIRITUALITY
919,SPIRITUALITY
920,SPIRITUALITY
921,SPIRITUALITY
922,SPIRITUALITY
923,SPIRITUALITY
924,SPIRITUALITY
925,SPIRITUALITY
926,SPIRITUALITY
927,SPIRITUALITY
928,SPIRITUALITY
929,SPIRITUALITY
930,SPIRITUALITY
931,SPIRITUALITY
932,SPIRITUALITY
933,SPIRITUALITY
934,SPIRITUALITY
935,SPIRITUALITY
936,SPIRITUALITY
937,SPIRITUALITY
938,SPIRITUALITY
939,SPIRITUALITY
940,SPIRITUALITY
941,SPIRITUALITY
942,SPIRITUALITY
943,TRAUMA
944,TRAUMA
945,TRAUMA
946,TRAUMA
947,TRAUMA
948,TRAUMA
949,TRAUMA
950,TRAUMA
951,TRAUMA
952,TRAUMA
953,TRAUMA
954,TRAUMA
955,TRAUMA
956,TRAUMA
957,TRAUMA
958,TRAUMA
959,TRAUMA
960,TRAUMA
961,TRAUMA
962,TRAUMA
963,TRAUMA
964,TRAUMA
965,TRAUMA
966,TRAUMA
967,TRAUMA
968,TRAUMA
969,TRAUMA
970,TRAUMA
971,TRAUMA
972,TRAUMA
973,TRAUMA
974,TRAUMA
975,TRAUMA
976,TRAUMA
977,TRAUMA
978,TRAUMA
979,TRAUMA
980,TRAUMA
981,TRAUMA
982,TRAUMA
983,TRAUMA
984,TRAUMA
985,TRAUMA
986,TRAUMA
987,TRAUMA
988,TRAUMA
989,TRAUMA
990,TRAUMA
991,TRAUMA
992,TRAUMA
993,TRAUMA
994,TRAUMA
995,TRAUMA
996,TRAUMA
997,TRAUMA
998,TRAUMA
999,TRAUMA
1000,TRAUMA
1001,TRAUMA
1002,TRAUMA
1003,TRAUMA
1004,TRAUMA
1005,TRAUMA
1006,TRAUMA
1007,TRAUMA
1008,TRAUMA
1009,DOMESTIC_VIOLENCE
1010,DOMESTIC_VIOLENCE
1011,DOMESTIC_VIOLENCE
1012,DOMESTIC_VIOLENCE
1013,DOMESTIC_VIOLENCE
1014,DOMESTIC_VIOLENCE
1015,DOMESTIC_VIOLENCE
1016,DOMESTIC_VIOLENCE
1017,DOMESTIC_VIOLENCE
1018,DOMESTIC_VIOLENCE
1019,DOMESTIC_VIOLENCE
1020,DOMESTIC_VIOLENCE
1021,DOMESTIC_VIOLENCE
1022,DOMESTIC_VIOLENCE
1023,DOMESTIC_VIOLENCE
1024,DOMESTIC_VIOLENCE
1025,DOMESTIC_VIOLENCE
1026,DOMESTIC_VIOLENCE
1027,DOMESTIC_VIOLENCE
1028,DOMESTIC_VIOLENCE
1029,DOMESTIC_VIOLENCE
1030,BEHAVIOR
1031,BEHAVIOR
1032,BEHAVIOR
1033,BEHAVIOR
1034,BEHAVIOR
1035,BEHAVIOR
1036,BEHAVIOR
1037,BEHAVIOR
1038,BEHAVIOR
1039,BEHAVIOR
1040,BEHAVIOR
1041,BEHAVIOR
1042,BEHAVIOR
1043,BEHAVIOR
1044,BEHAVIOR
1045,BEHAVIOR
1046,BEHAVIOR
1047,BEHAVIOR
1048,BEHAVIOR
1049,BEHAVIOR
1050,BEHAVIOR
1051,BEHAVIOR
1052,BEHAVIOR
1053,BEHAVIOR
1054,BEHAVIOR
1055,BEHAVIOR
1056,BEHAVIOR
1057,BEHAVIOR
1058,BEHAVIOR
1059,BEHAVIOR
1060,BEHAVIOR
1061,BEHAVIOR
1062,BEHAVIOR
1063,BEHAVIOR
1064,BEHAVIOR
1065,BEHAVIOR
1066,BEHAVIOR
1067,BEHAVIOR
1068,SLEEP
1069,SLEEP
1070,SLEEP
1071,SLEEP
1072,SLEEP
1073,SLEEP
1074,SLEEP
1075,SLEEP
1076,SLEEP
1077,SLEEP
1078,SEXUALITY
1079,SEXUALITY
1080,SEXUALITY
1081,SEXUALITY
1082,SEXUALITY
1083,SEXUALITY
1084,SEXUALITY
1085,SEXUALITY
1086,SEXUALITY
1087,SEXUALITY
1088,SEXUALITY
1089,SEXUALITY
1090,SEXUALITY
1091,SEXUALITY
1092,SEXUALITY
1093,SEXUALITY
1094,SEXUALITY
1095,SEXUALITY
1096,SEXUALITY
1097,SEXUALITY
1098,SEXUALITY
1099,SEXUALITY
1100,SEXUALITY
1101,SEXUALITY
1102,SEXUALITY
1103,SEXUALITY
1104,SEXUALITY
1105,SEXUALITY
1106,SEXUALITY
1107,SEXUALITY
1108,SEXUALITY
1109,SEXUALITY
1110,SEXUALITY
1111,SEXUALITY
1112,SEXUALITY
1113,SEXUALITY
1114,SEXUALITY
1115,SEXUALITY
1116,SEXUALITY
1117,SEXUALITY
1118,SEXUALITY
1119,SEXUALITY
1120,SEXUALITY
1121,SEXUALITY
1122,SEXUALITY
1123,SEXUALITY
1124,SEXUALITY
1125,SEXUALITY
1126,SEXUALITY
1127,SEXUALITY
1128,SEXUALITY
1129,SEXUALITY
1130,SEXUALITY
1131,SEXUALITY
1132,SEXUALITY
1133,SEXUALITY
1134,SEXUALITY
1135,SEXUALITY
1136,SEXUALITY
1137,SEXUALITY
1138,SEXUALITY
1139,SEXUALITY
1140,SEXUALITY
1141,SEXUALITY
1142,SEXUALITY
1143,SEXUALITY
1144,SEXUALITY
1145,SEXUALITY
1146,SEXUALITY
1147,SEXUALITY
1148,SEXUALITY
1149,SEXUALITY
1150,SEXUALITY
1151,SEXUALITY
1152,SEXUALITY
1153,SEXUALITY
1154,SEXUALITY
1155,SEXUALITY
1156,SEXUALITY
1157,SEXUALITY
1158,SEXUALITY
1159,SEXUALITY
1160,SEXUALITY
1161,SEXUALITY
1162,SEXUALITY
1163,SEXUALITY
1164,SEXUALITY
1165,SEXUALITY
1166,SEXUALITY
1167,SEXUALITY
1168,SEXUALITY
1169,SEXUALITY
1170,SEXUALITY
1171,SEXUALITY
1172,SEXUALITY
1173,SEXUALITY
1174,SEXUALITY
1175,SEXUALITY
1176,SEXUALITY
1177,SEXUALITY
1178,SEXUALITY
1179,SEXUALITY
1180,SEXUALITY
1181,SEXUALITY
1182,SEXUALITY
1183,SEXUALITY
1184,SEXUALITY
1185,SEXUALITY
1186,SEXUALITY
1187,SEXUALITY
1188,SEXUALITY
1189,SEXUALITY
1190,SEXUALITY
1191,SEXUALITY
1192,SEXUALITY
1193,SEXUALITY
1194,SEXUALITY
1195,SEXUALITY
1196,SEXUALITY
1197,SEXUALITY
1198,SEXUALITY
1199,SEXUALITY
1200,SEXUALITY
1201,SEXUALITY
1202,SEXUALITY
1203,SEXUALITY
1204,SEXUALITY
1205,SEXUALITY
1206,SEXUALITY
1207,SEXUALITY
1208,SEXUALITY
1209,SEXUALITY
1210,SEXUALITY
1211,SEXUALITY
1212,SEXUALITY
1213,SEXUALITY
1214,SEXUALITY
1215,SEXUALITY
1216,SEXUALITY
1217,SEXUALITY
1218,SEXUALITY
1219,SEXUALITY
1220,SEXUALITY
1221,SEXUALITY
1222,SEXUALITY
1223,SEXUALITY
1224,SEXUALITY
1225,SEXUALITY
1226,SEXUALITY
1227,SEXUALITY
1228,SEXUALITY
1229,SEXUALITY
1230,SEXUALITY
1231,SEXUALITY
1232,SEXUALITY
1233,SEXUALITY
1234,SEXUALITY
1235,SEXUALITY
1236,SEXUALITY
1237,SEXUALITY
1238,SEXUALITY
1239,SEXUALITY
1240,SEXUALITY
1241,SEXUALITY
1242,SEXUALITY
1243,SEXUALITY
1244,SEXUALITY
1245,SEXUALITY
1246,SEXUALITY
1247,SEXUALITY
1248,SEXUALITY
1249,SEXUALITY
1250,SEXUALITY
1251,SEXUALITY
1252,SEXUALITY
1253,SEXUALITY
1254,SEXUALITY
1255,SEXUALITY
1256,SEXUALITY
1257,SEXUALITY
1258,SEXUALITY
1259,SEXUALITY
1260,SEXUALITY
1261,SEXUALITY
1262,SEXUALITY
1263,SEXUALITY
1264,SEXUALITY
1265,SEXUALITY
1266,SEXUALITY
1267,SEXUALITY
1268,SEXUALITY
1269,SEXUALITY
1270,SEXUALITY
1271,SEXUALITY
1272,SEXUALITY
1273,SEXUALITY
1274,SEXUALITY
1275,SEXUALITY
1276,SEXUALITY
1277,SEXUALITY
1278,SEXUALITY
1279,SEXUALITY
1280,SEXUALITY
1281,SEXUALITY
1282,SEXUALITY
1283,GRIEF
1284,GRIEF
1285,GRIEF
1286,GRIEF
1287,GRIEF
1288,GRIEF
1289,GRIEF
1290,GRIEF
1291,GRIEF
1292,GRIEF
1293,GRIEF
1294,GRIEF
1295,GRIEF
1296,GRIEF
1297,GRIEF
1298,GRIEF
1299,GRIEF
1300,GRIEF
1301,ADDICTION
1302,ADDICTION
1303,ADDICTION
1304,ADDICTION
1305,ADDICTION
1306,ADDICTION
1307,ADDICTION
1308,ADDICTION
1309,ADDICTION
1310,ADDICTION
1311,ADDICTION
1312,ADDICTION
1313,ADDICTION
1314,ADDICTION
1315,ADDICTION
1316,ADDICTION
1317,ADDICTION
1318,ADDICTION
1319,ADDICTION
1320,ADDICTION
1321,ADDICTION
1322,ADDICTION
1323,ADDICTION
1324,ADDICTION
1325,ADDICTION
1326,ADDICTION
1327,ADDICTION
1328,ADDICTION
1329,ADDICTION
1330,ADDICTION
1331,ADDICTION
1332,ADDICTION
1333,ADDICTION
1334,ADDICTION
1335,ADDICTION
1336,FAMILY
1337,FAMILY
1338,FAMILY
1339,FAMILY
1340,FAMILY
1341,FAMILY
1342,FAMILY
1343,FAMILY
1344,FAMILY
1345,FAMILY
1346,FAMILY
1347,FAMILY
1348,FAMILY
1349,FAMILY
1350,FAMILY
1351,FAMILY
1352,FAMILY
1353,FAMILY
1354,FAMILY
1355,FAMILY
1356,FAMILY
1357,FAMILY
1358,FAMILY
1359,FAMILY
1360,FAMILY
1361,FAMILY
1362,FAMILY
1363,FAMILY
1364,FAMILY
1365,FAMILY
1366,FAMILY
1367,FAMILY
1368,FAMILY
1369,FAMILY
1370,FAMILY
1371,FAMILY
1372,FAMILY
1373,FAMILY
1374,FAMILY
1375,FAMILY
1376,FAMILY
1377,FAMILY
1378,FAMILY
1379,FAMILY
1380,FAMILY
1381,FAMILY
1382,FAMILY
1383,FAMILY
1384,FAMILY
1385,FAMILY
1386,FAMILY
1387,FAMILY
1388,FAMILY
1389,FAMILY
1390,FAMILY
1391,FAMILY
1392,FAMILY
1393,FAMILY
1394,FAMILY
1395,FAMILY
1396,FAMILY
1397,FAMILY
1398,FAMILY
1399,FAMILY
1400,FAMILY
1401,FAMILY
1402,FAMILY
1403,FAMILY
1404,FAMILY
1405,FAMILY
1406,FAMILY
1407,FAMILY
1408,FAMILY
1409,FAMILY
1410,FAMILY
1411,FAMILY
1412,FAMILY
1413,FAMILY
1414,FAMILY
1415,FAMILY
1416,FAMILY
1417,FAMILY
1418,FAMILY
1419,FAMILY
1420,FAMILY
1421,FAMILY
1422,FAMILY
1423,FAMILY
1424,FAMILY
1425,FAMILY
1426,FAMILY
1427,FAMILY
1428,FAMILY
1429,FAMILY
1430,FAMILY
1431,FAMILY
1432,FAMILY
1433,FAMILY
1434,FAMILY
1435,FAMILY
1436,FAMILY
1437,FAMILY
1438,FAMILY
1439,FAMILY
1440,FAMILY
1441,FAMILY
1442,FAMILY
1443,FAMILY
1444,FAMILY
1445,FAMILY
1446,FAMILY
1447,FAMILY
1448,FAMILY
1449,FAMILY
1450,FAMILY
1451,FAMILY
1452,RELATIONSHIPS
1453,RELATIONSHIPS
1454,RELATIONSHIPS
1455,RELATIONSHIPS
1456,RELATIONSHIPS
1457,RELATIONSHIPS
1458,RELATIONSHIPS
1459,RELATIONSHIPS
1460,RELATIONSHIPS
1461,RELATIONSHIPS
1462,RELATIONSHIPS
1463,RELATIONSHIPS
1464,RELATIONSHIPS
1465,RELATIONSHIPS
1466,RELATIONSHIPS
1467,RELATIONSHIPS
1468,RELATIONSHIPS
1469,RELATIONSHIPS
1470,RELATIONSHIPS
1471,RELATIONSHIPS
1472,RELATIONSHIPS
1473,RELATIONSHIPS
1474,RELATIONSHIPS
1475,RELATIONSHIPS
1476,RELATIONSHIPS
1477,RELATIONSHIPS
1478,RELATIONSHIPS
1479,RELATIONSHIPS
1480,RELATIONSHIPS
1481,RELATIONSHIPS
1482,RELATIONSHIPS
1483,RELATIONSHIPS
1484,RELATIONSHIPS
1485,RELATIONSHIPS
1486,RELATIONSHIPS
1487,RELATIONSHIPS
1488,RELATIONSHIPS
1489,RELATIONSHIPS
1490,RELATIONSHIPS
1491,RELATIONSHIPS
1492,RELATIONSHIPS
1493,RELATIONSHIPS
1494,RELATIONSHIPS
1495,RELATIONSHIPS
1496,RELATIONSHIPS
1497,RELATIONSHIPS
1498,EATING_DISORDERS
1499,EATING_DISORDERS
1500,EATING_DISORDERS
1501,EATING_DISORDERS
1502,EATING_DISORDERS
1503,EATING_DISORDERS
1504,EATING_DISORDERS
1505,EATING_DISORDERS
1506,EATING_DISORDERS
1507,EATING_DISORDERS
1508,RELATIONSHIPS
1509,RELATIONSHIPS
1510,RELATIONSHIPS
1511,RELATIONSHIPS
1512,RELATIONSHIPS
1513,RELATIONSHIPS
1514,RELATIONSHIPS
1515,RELATIONSHIPS
1516,RELATIONSHIPS
1517,RELATIONSHIPS
1518,RELATIONSHIPS
1519,RELATIONSHIPS
1520,RELATIONSHIPS
1521,RELATIONSHIPS
1522,RELATIONSHIPS
1523,RELATIONSHIPS
1524,RELATIONSHIPS
1525,RELATIONSHIPS
1526,RELATIONSHIPS
1527,RELATIONSHIPS
1528,RELATIONSHIPS
1529,RELATIONSHIPS
1530,RELATIONSHIPS
1531,RELATIONSHIPS
1532,RELATIONSHIPS
1533,RELATIONSHIPS
1534,RELATIONSHIPS
1535,RELATIONSHIPS
1536,RELATIONSHIPS
1537,RELATIONSHIPS
1538,RELATIONSHIPS
1539,RELATIONSHIPS
1540,RELATIONSHIPS
1541,RELATIONSHIPS
1542,RELATIONSHIPS
1543,RELATIONSHIPS
1544,RELATIONSHIPS
1545,RELATIONSHIPS
1546,RELATIONSHIPS
1547,RELATIONSHIPS
1548,RELATIONSHIPS
1549,RELATIONSHIPS
1550,RELATIONSHIPS
1551,RELATIONSHIPS
1552,RELATIONSHIPS
1553,RELATIONSHIPS
1554,RELATIONSHIPS
1555,RELATIONSHIPS
1556,RELATIONSHIPS
1557,RELATIONSHIPS
1558,RELATIONSHIPS
1559,RELATIONSHIPS
1560,RELATIONSHIPS
1561,RELATIONSHIPS
1562,RELATIONSHIPS
1563,RELATIONSHIPS
1564,RELATIONSHIPS
1565,RELATIONSHIPS
1566,RELATIONSHIPS
1567,RELATIONSHIPS
1568,RELATIONSHIPS
1569,RELATIONSHIPS
1570,RELATIONSHIPS
1571,RELATIONSHIPS
1572,RELATIONSHIPS
1573,RELATIONSHIPS
1574,RELATIONSHIPS
1575,RELATIONSHIPS
1576,RELATIONSHIPS
1577,RELATIONSHIPS
1578,RELATIONSHIPS
1579,RELATIONSHIPS
1580,RELATIONSHIPS
1581,RELATIONSHIPS
1582,RELATIONSHIPS
1583,RELATIONSHIPS
1584,RELATIONSHIPS
1585,RELATIONSHIPS
1586,RELATIONSHIPS
1587,RELATIONSHIPS
1588,RELATIONSHIPS
1589,RELATIONSHIPS
1590,RELATIONSHIPS
1591,RELATIONSHIPS
1592,RELATIONSHIPS
1593,RELATIONSHIPS
1594,RELATIONSHIPS
1595,RELATIONSHIPS
1596,RELATIONSHIPS
1597,RELATIONSHIPS
1598,RELATIONSHIPS
1599,RELATIONSHIPS
1600,RELATIONSHIPS
1601,RELATIONSHIPS
1602,RELATIONSHIPS
1603,RELATIONSHIPS
1604,RELATIONSHIPS
1605,RELATIONSHIPS
1606,RELATIONSHIPS
1607,RELATIONSHIPS
1608,RELATIONSHIPS
1609,RELATIONSHIPS
1610,RELATIONSHIPS
1611,RELATIONSHIPS
1612,RELATIONSHIPS
1613,RELATIONSHIPS
1614,RELATIONSHIPS
1615,RELATIONSHIPS
1616,RELATIONSHIPS
1617,RELATIONSHIPS
1618,RELATIONSHIPS
1619,RELATIONSHIPS
1620,RELATIONSHIPS
1621,RELATIONSHIPS
1622,RELATIONSHIPS
1623,RELATIONSHIPS
1624,RELATIONSHIPS
1625,RELATIONSHIPS
1626,RELATIONSHIPS
1627,RELATIONSHIPS
1628,RELATIONSHIPS
1629,RELATIONSHIPS
1630,RELATIONSHIPS
1631,RELATIONSHIPS
1632,RELATIONSHIPS
1633,RELATIONSHIPS
1634,RELATIONSHIPS
1635,RELATIONSHIPS
1636,RELATIONSHIPS
1637,RELATIONSHIPS
1638,RELATIONSHIPS
1639,RELATIONSHIPS
1640,RELATIONSHIPS
1641,RELATIONSHIPS
1642,RELATIONSHIPS
1643,RELATIONSHIPS
1644,RELATIONSHIPS
1645,RELATIONSHIPS
1646,RELATIONSHIPS
1647,RELATIONSHIPS
1648,RELATIONSHIPS
1649,RELATIONSHIPS
1650,RELATIONSHIPS
1651,RELATIONSHIPS
1652,RELATIONSHIPS
1653,RELATIONSHIPS
1654,RELATIONSHIPS
1655,RELATIONSHIPS
1656,RELATIONSHIPS
1657,RELATIONSHIPS
1658,RELATIONSHIPS
1659,RELATIONSHIPS
1660,RELATIONSHIPS
1661,RELATIONSHIPS
1662,RELATIONSHIPS
1663,RELATIONSHIPS
1664,RELATIONSHIPS
1665,RELATIONSHIPS
1666,RELATIONSHIPS
1667,RELATIONSHIPS
1668,RELATIONSHIPS
1669,RELATIONSHIPS
1670,RELATIONSHIPS
1671,RELATIONSHIPS
1672,RELATIONSHIPS
1673,RELATIONSHIPS
1674,RELATIONSHIPS
1675,RELATIONSHIPS
1676,RELATIONSHIPS
1677,RELATIONSHIPS
1678,RELATIONSHIPS
1679,RELATIONSHIPS
1680,RELATIONSHIPS
1681,RELATIONSHIPS
1682,LGBTQ
1683,LGBTQ
1684,LGBTQ
1685,LGBTQ
1686,LGBTQ
1687,LGBTQ
1688,LGBTQ
1689,LGBTQ
1690,LGBTQ
1691,LGBTQ
1692,LGBTQ
1693,LGBTQ
1694,LGBTQ
1695,LGBTQ
1696,LGBTQ
1697,LGBTQ
1698,LGBTQ
1699,LGBTQ
1700,LGBTQ
1701,LGBTQ
1702,LGBTQ
1703,LGBTQ
1704,LGBTQ
1705,LGBTQ
1706,LGBTQ
1707,LGBTQ
1708,LGBTQ
1709,LGBTQ
1710,LGBTQ
1711,LGBTQ
1712,LGBTQ
1713,LGBTQ
1714,LGBTQ
1715,LGBTQ
1716,LGBTQ
1717,LGBTQ
1718,LGBTQ
1719,LGBTQ
1720,BEHAVIOR
1721,BEHAVIOR
1722,BEHAVIOR
1723,BEHAVIOR
1724,BEHAVIOR
1725,BEHAVIOR
1726,BEHAVIOR
1727,BEHAVIOR
1728,BEHAVIOR
1729,BEHAVIOR
1730,BEHAVIOR
1731,BEHAVIOR
1732,BEHAVIOR
1733,BEHAVIOR
1734,BEHAVIOR
1735,BEHAVIOR
1736,BEHAVIOR
1737,BEHAVIOR
1738,BEHAVIOR
1739,BEHAVIOR
1740,BEHAVIOR
1741,BEHAVIOR
1742,BEHAVIOR
1743,BEHAVIOR
1744,BEHAVIOR
1745,BEHAVIOR
1746,BEHAVIOR
1747,BEHAVIOR
1748,BEHAVIOR
1749,BEHAVIOR
1750,BEHAVIOR
1751,BEHAVIOR
1752,BEHAVIOR
1753,BEHAVIOR
1754,BEHAVIOR
1755,BEHAVIOR
1756,BEHAVIOR
1757,BEHAVIOR
1758,BEHAVIOR
1759,BEHAVIOR
1760,BEHAVIOR
1761,BEHAVIOR
1762,BEHAVIOR
1763,BEHAVIOR
1764,BEHAVIOR
1765,BEHAVIOR
1766,BEHAVIOR
1767,BEHAVIOR
1768,BEHAVIOR
1769,BEHAVIOR
1770,BEHAVIOR
1771,ADDICTION
1772,ADDICTION
1773,ADDICTION
1774,ADDICTION
1775,ADDICTION
1776,COUNSELING
1777,COUNSELING
1778,COUNSELING
1779,COUNSELING
1780,COUNSELING
1781,COUNSELING
1782,COUNSELING
1783,COUNSELING
1784,WORKPLACE
1785,WORKPLACE
1786,WORKPLACE
1787,WORKPLACE
1788,WORKPLACE
1789,WORKPLACE
1790,WORKPLACE
1791,WORKPLACE
1792,WORKPLACE
1793,WORKPLACE
1794,WORKPLACE
1795,WORKPLACE
1796,WORKPLACE
1797,WORKPLACE
1798,WORKPLACE
1799,WORKPLACE
1800,WORKPLACE
1801,WORKPLACE
1802,WORKPLACE
1803,WORKPLACE
1804,WORKPLACE
1805,WORKPLACE
1806,WORKPLACE
1807,WORKPLACE
1808,WORKPLACE
1809,WORKPLACE
1810,WORKPLACE
1811,WORKPLACE
1812,WORKPLACE
1813,WORKPLACE
1814,WORKPLACE
1815,WORKPLACE
1816,STRESS
1817,STRESS
1818,STRESS
1819,STRESS
1820,STRESS
1821,STRESS
1822,STRESS
1823,SEXUALITY
1824,SEXUALITY
1825,SEXUALITY
1826,SEXUALITY
1827,RELATIONSHIPS
1828,RELATIONSHIPS
1829,RELATIONSHIPS
1830,RELATIONSHIPS
1831,RELATIONSHIPS
1832,RELATIONSHIPS
1833,RELATIONSHIPS
1834,RELATIONSHIPS
1835,RELATIONSHIPS
1836,RELATIONSHIPS
1837,RELATIONSHIPS
1838,RELATIONSHIPS
1839,RELATIONSHIPS
1840,RELATIONSHIPS
1841,RELATIONSHIPS
1842,RELATIONSHIPS
1843,RELATIONSHIPS
1844,RELATIONSHIPS
1845,RELATIONSHIPS
1846,RELATIONSHIPS
1847,RELATIONSHIPS
1848,RELATIONSHIPS
1849,RELATIONSHIPS
1850,RELATIONSHIPS
1851,RELATIONSHIPS
1852,RELATIONSHIPS
1853,COUNSELING
1854,COUNSELING
1855,COUNSELING
1856,SELF_HARM
1857,SELF_HARM
1858,SELF_HARM
1859,SELF_HARM
1860,SELF_HARM
1861,SELF_HARM
1862,SELF_HARM
1863,SELF_HARM
1864,SELF_HARM
1865,SELF_HARM
1866,SELF_HARM
1867,COUNSELING
1868,COUNSELING
1869,COUNSELING
1870,COUNSELING
1871,COUNSELING
1872,COUNSELING
1873,COUNSELING
1874,COUNSELING
1875,COUNSELING
1876,COUNSELING
1877,COUNSELING
1878,COUNSELING
1879,COUNSELING
1880,COUNSELING
1881,COUNSELING
1882,COUNSELING
1883,COUNSELING
1884,COUNSELING
1885,COUNSELING
1886,COUNSELING
1887,COUNSELING
1888,COUNSELING
1889,COUNSELING
1890,COUNSELING
1891,COUNSELING
1892,COUNSELING
1893,COUNSELING
1894,COUNSELING
1895,COUNSELING
1896,COUNSELING
1897,COUNSELING
1898,COUNSELING
1899,COUNSELING
1900,COUNSELING
1901,COUNSELING
1902,COUNSELING
1903,COUNSELING
1904,COUNSELING
1905,COUNSELING
1906,COUNSELING
1907,COUNSELING
1908,COUNSELING
1909,COUNSELING
1910,COUNSELING
1911,COUNSELING
1912,COUNSELING
1913,COUNSELING
1914,COUNSELING
1915,COUNSELING
1916,COUNSELING
1917,COUNSELING
1918,COUNSELING
1919,COUNSELING
1920,COUNSELING
1921,COUNSELING
1922,COUNSELING
1923,COUNSELING
1924,COUNSELING
1925,COUNSELING
1926,COUNSELING
1927,COUNSELING
1928,COUNSELING
1929,COUNSELING
1930,COUNSELING
1931,COUNSELING
1932,COUNSELING
1933,COUNSELING
1934,COUNSELING
1935,COUNSELING
1936,COUNSELING
1937,COUNSELING
1938,COUNSELING
1939,COUNSELING
1940,COUNSELING
1941,COUNSELING
1942,COUNSELING
1943,COUNSELING
1944,COUNSELING
1945,COUNSELING
1946,COUNSELING
1947,COUNSELING
1948,COUNSELING
1949,COUNSELING
1950,COUNSELING
1951,COUNSELING
1952,COUNSELING
1953,COUNSELING
1954,COUNSELING
1955,COUNSELING
1956,COUNSELING
1957,COUNSELING
1958,COUNSELING
1959,COUNSELING
1960,COUNSELING
1961,COUNSELING
1962,COUNSELING
1963,COUNSELING
1964,COUNSELING
1965,COUNSELING
1966,COUNSELING
1967,COUNSELING
1968,COUNSELING
1969,COUNSELING
1970,COUNSELING
1971,COUNSELING
1972,COUNSELING
1973,COUNSELING
1974,COUNSELING
1975,COUNSELING
1976,COUNSELING
1977,COUNSELING
1978,COUNSELING
1979,COUNSELING
1980,COUNSELING
1981,COUNSELING
1982,COUNSELING
1983,COUNSELING
1984,COUNSELING
1985,COUNSELING
1986,COUNSELING
1987,COUNSELING
1988,COUNSELING
1989,COUNSELING
1990,COUNSELING
1991,COUNSELING
1992,COUNSELING
1993,COUNSELING
1994,COUNSELING
1995,COUNSELING
1996,COUNSELING
1997,COUNSELING
1998,COUNSELING
1999,COUNSELING
2000,COUNSELING
2001,COUNSELING
2002,COUNSELING
2003,COUNSELING
2004,COUNSELING
2005,COUNSELING
2006,COUNSELING
2007,COUNSELING
2008,COUNSELING
2009,COUNSELING
2010,COUNSELING
2011,COUNSELING
2012,COUNSELING
2013,COUNSELING
2014,COUNSELING
2015,COUNSELING
2016,COUNSELING
2017,COUNSELING
2018,COUNSELING
2019,COUNSELING
2020,COUNSELING
2021,COUNSELING
2022,COUNSELING
2023,COUNSELING
2024,COUNSELING
2025,COUNSELING
2026,COUNSELING
2027,COUNSELING
2028,COUNSELING
2029,COUNSELING
2030,COUNSELING
2031,COUNSELING
2032,COUNSELING
2033,COUNSELING
2034,COUNSELING
2035,COUNSELING
2036,COUNSELING
2037,COUNSELING
2038,COUNSELING
2039,COUNSELING
2040,COUNSELING
2041,COUNSELING
2042,COUNSELING
2043,COUNSELING
2044,COUNSELING
2045,COUNSELING
2046,COUNSELING
2047,COUNSELING
2048,COUNSELING
2049,COUNSELING
2050,COUNSELING
2051,COUNSELING
2052,COUNSELING
2053,COUNSELING
2054,COUNSELING
2055,COUNSELING
2056,COUNSELING
2057,COUNSELING
2058,COUNSELING
2059,COUNSELING
2060,COUNSELING
2061,COUNSELING
2062,COUNSELING
2063,COUNSELING
2064,COUNSELING
2065,COUNSELING
2066,COUNSELING
2067,COUNSELING
2068,COUNSELING
2069,COUNSELING
2070,COUNSELING
2071,COUNSELING
2072,COUNSELING
2073,COUNSELING
2074,COUNSELING
2075,COUNSELING
2076,COUNSELING
2077,COUNSELING
2078,COUNSELING
2079,COUNSELING
2080,COUNSELING
2081,COUNSELING
2082,COUNSELING
2083,COUNSELING
2084,COUNSELING
2085,COUNSELING
2086,COUNSELING
2087,COUNSELING
2088,COUNSELING
2089,COUNSELING
2090,COUNSELING
2091,COUNSELING
2092,COUNSELING
2093,COUNSELING
2094,COUNSELING
2095,COUNSELING
2096,COUNSELING
2097,COUNSELING
2098,COUNSELING
2099,COUNSELING
2100,COUNSELING
2101,COUNSELING
2102,COUNSELING
2103,COUNSELING
2104,COUNSELING
2105,COUNSELING
2106,COUNSELING
2107,COUNSELING
2108,COUNSELING
2109,COUNSELING
2110,COUNSELING
2111,COUNSELING
2112,COUNSELING
2113,COUNSELING
2114,COUNSELING
2115,COUNSELING
2116,COUNSELING
2117,COUNSELING
2118,COUNSELING
2119,COUNSELING
2120,COUNSELING
2121,COUNSELING
2122,COUNSELING
2123,COUNSELING
2124,COUNSELING
2125,COUNSELING
2126,COUNSELING
2127,COUNSELING
2128,COUNSELING
